original_file,new_path,sku_family,product_name,category,subcategory,structure,color,shot_type,catalog_skus_represented,flag
APP-001-life.png,public/images/products/apparel/APP-001-teal-life.png,APP-001,Tide & Tempo Logo Tee,Apparel,Shirts,Parent+Variants,teal,life,APP-001-XS-M;APP-001-XS-W;APP-001-S-M;APP-001-S-W;APP-001-M-M;APP-001-M-W;APP-001-L-M;APP-001-L-W;APP-001-XL-M;APP-001-XL-W,
APP-001-m.png,public/images/products/apparel/APP-001-teal-model-men.png,APP-001,Tide & Tempo Logo Tee,Apparel,Shirts,Parent+Variants,teal,model-men,APP-001-XS-M;APP-001-S-M;APP-001-M-M;APP-001-L-M;APP-001-XL-M,
APP-001-w.png,public/images/products/apparel/APP-001-teal-model-women.png,APP-001,Tide & Tempo Logo Tee,Apparel,Shirts,Parent+Variants,teal,model-women,APP-001-XS-W;APP-001-S-W;APP-001-M-W;APP-001-L-W;APP-001-XL-W,
APP-002-life.png,public/images/products/apparel/APP-002-sand-life.png,APP-002,Apo Island Souvenir Tee,Apparel,Shirts,Parent+Variants,sand,life,APP-002-XS-M;APP-002-XS-W;APP-002-S-M;APP-002-S-W;APP-002-M-M;APP-002-M-W;APP-002-L-M;APP-002-L-W;APP-002-XL-M;APP-002-XL-W,
APP-002-m.png,public/images/products/apparel/APP-002-sand-model-men.png,APP-002,Apo Island Souvenir Tee,Apparel,Shirts,Parent+Variants,sand,model-men,APP-002-XS-M;APP-002-S-M;APP-002-M-M;APP-002-L-M;APP-002-XL-M,
APP-002-w.png,public/images/products/apparel/APP-002-sand-model-women.png,APP-002,Apo Island Souvenir Tee,Apparel,Shirts,Parent+Variants,sand,model-women,APP-002-XS-W;APP-002-S-W;APP-002-M-W;APP-002-L-W;APP-002-XL-W,
APP-003-life.png,public/images/products/apparel/APP-003-navy-life.png,APP-003,Boardshorts — Mens,Apparel,Bottoms,Parent+Variants,navy,life,APP-003-28;APP-003-30;APP-003-32;APP-003-34;APP-003-36;APP-003-38;APP-003-40,
APP-003.png,public/images/products/apparel/APP-003-navy-studio.png,APP-003,Boardshorts — Mens,Apparel,Bottoms,Parent+Variants,navy,studio,APP-003-28;APP-003-30;APP-003-32;APP-003-34;APP-003-36;APP-003-38;APP-003-40,
APP-004-aqua-life.png,public/images/products/apparel/APP-004-aqua-life.png,APP-004,Bikini Set — Womens,Apparel,Swimwear,Parent+Variants,aqua,life,APP-004-XS-AQU;APP-004-S-AQU;APP-004-M-AQU;APP-004-L-AQU;APP-004-XL-AQU,
APP-004-aqua.png,public/images/products/apparel/APP-004-aqua-studio.png,APP-004,Bikini Set — Womens,Apparel,Swimwear,Parent+Variants,aqua,studio,APP-004-XS-AQU;APP-004-S-AQU;APP-004-M-AQU;APP-004-L-AQU;APP-004-XL-AQU,
APP-004-black-life.png,public/images/products/apparel/APP-004-black-life.png,APP-004,Bikini Set — Womens,Apparel,Swimwear,Parent+Variants,black,life,APP-004-XS-BLA;APP-004-S-BLA;APP-004-M-BLA;APP-004-L-BLA;APP-004-XL-BLA,
APP-004-black.png,public/images/products/apparel/APP-004-black-studio.png,APP-004,Bikini Set — Womens,Apparel,Swimwear,Parent+Variants,black,studio,APP-004-XS-BLA;APP-004-S-BLA;APP-004-M-BLA;APP-004-L-BLA;APP-004-XL-BLA,
APP-004-coral-life.png,public/images/products/apparel/APP-004-coral-life.png,APP-004,Bikini Set — Womens,Apparel,Swimwear,Parent+Variants,coral,life,APP-004-XS-COR;APP-004-S-COR;APP-004-M-COR;APP-004-L-COR;APP-004-XL-COR,
APP-004-coral.png,public/images/products/apparel/APP-004-coral-studio.png,APP-004,Bikini Set — Womens,Apparel,Swimwear,Parent+Variants,coral,studio,APP-004-XS-COR;APP-004-S-COR;APP-004-M-COR;APP-004-L-COR;APP-004-XL-COR,
APP-004-tropical-print-life.png,public/images/products/apparel/APP-004-tropical-print-life.png,APP-004,Bikini Set — Womens,Apparel,Swimwear,Parent+Variants,tropical-print,life,APP-004-XS-TRO;APP-004-S-TRO;APP-004-M-TRO;APP-004-L-TRO;APP-004-XL-TRO,
APP-004-tropical-print.png,public/images/products/apparel/APP-004-tropical-print-studio.png,APP-004,Bikini Set — Womens,Apparel,Swimwear,Parent+Variants,tropical-print,studio,APP-004-XS-TRO;APP-004-S-TRO;APP-004-M-TRO;APP-004-L-TRO;APP-004-XL-TRO,
APP-005-black-life.png,public/images/products/apparel/APP-005-black-life.png,APP-005,One-Piece Swimsuit,Apparel,Swimwear,Parent+Variants,black,life,APP-005-S-BLA;APP-005-M-BLA;APP-005-L-BLA;APP-005-XL-BLA,
APP-005-black.png,public/images/products/apparel/APP-005-black-studio.png,APP-005,One-Piece Swimsuit,Apparel,Swimwear,Parent+Variants,black,studio,APP-005-S-BLA;APP-005-M-BLA;APP-005-L-BLA;APP-005-XL-BLA,
APP-005-coral-life.png,public/images/products/apparel/APP-005-coral-life.png,APP-005,One-Piece Swimsuit,Apparel,Swimwear,Parent+Variants,coral,life,APP-005-S-COR;APP-005-M-COR;APP-005-L-COR;APP-005-XL-COR,
APP-005-coral.png,public/images/products/apparel/APP-005-coral-studio.png,APP-005,One-Piece Swimsuit,Apparel,Swimwear,Parent+Variants,coral,studio,APP-005-S-COR;APP-005-M-COR;APP-005-L-COR;APP-005-XL-COR,
APP-005-navy-life.png,public/images/products/apparel/APP-005-navy-life.png,APP-005,One-Piece Swimsuit,Apparel,Swimwear,Parent+Variants,navy,life,APP-005-S-NAV;APP-005-M-NAV;APP-005-L-NAV;APP-005-XL-NAV,
APP-005-navy.png,public/images/products/apparel/APP-005-navy-studio.png,APP-005,One-Piece Swimsuit,Apparel,Swimwear,Parent+Variants,navy,studio,APP-005-S-NAV;APP-005-M-NAV;APP-005-L-NAV;APP-005-XL-NAV,
APP-006-black-life.png,public/images/products/apparel/APP-006-black-life.png,APP-006,UV Hat Wide Brim,Apparel,Hats,Parent+Variants,black,life,APP-006-SM-BLK;APP-006-LXL-BLK,
APP-006-black.png,public/images/products/apparel/APP-006-black-studio.png,APP-006,UV Hat Wide Brim,Apparel,Hats,Parent+Variants,black,studio,APP-006-SM-BLK;APP-006-LXL-BLK,
APP-006-natural-life.png,public/images/products/apparel/APP-006-natural-life.png,APP-006,UV Hat Wide Brim,Apparel,Hats,Parent+Variants,natural,life,APP-006-SM-NAT;APP-006-LXL-NAT,
APP-006-natural.png,public/images/products/apparel/APP-006-natural-studio.png,APP-006,UV Hat Wide Brim,Apparel,Hats,Parent+Variants,natural,studio,APP-006-SM-NAT;APP-006-LXL-NAT,
APP-007-life.png,public/images/products/apparel/APP-007-tropical-life.png,APP-007,Flip Flops Tropical,Apparel,Footwear,Parent+Variants,tropical,life,APP-007-W6-7;APP-007-W8-9;APP-007-M9-10;APP-007-M11-12;APP-007-K2-4,
APP-007-m.png,public/images/products/apparel/APP-007-tropical-model-men.png,APP-007,Flip Flops Tropical,Apparel,Footwear,Parent+Variants,tropical,model-men,APP-007-M9-10;APP-007-M11-12,
APP-007-u.png,public/images/products/apparel/APP-007-tropical-model-unisex.png,APP-007,Flip Flops Tropical,Apparel,Footwear,Parent+Variants,tropical,model-unisex,APP-007-K2-4,
APP-007-w.png,public/images/products/apparel/APP-007-tropical-model-women.png,APP-007,Flip Flops Tropical,Apparel,Footwear,Parent+Variants,tropical,model-women,APP-007-W6-7;APP-007-W8-9,
BCH-001-life.png,public/images/products/beach-essentials/BCH-001-life.png,BCH-001,Sand Shovel & Bucket Set,Beach Essentials,Kids,Standalone,(multiple - see notes),life,BCH-001,
BCH-001.png,public/images/products/beach-essentials/BCH-001-studio.png,BCH-001,Sand Shovel & Bucket Set,Beach Essentials,Kids,Standalone,(multiple - see notes),studio,BCH-001,
BCH-002-life.png,public/images/products/beach-essentials/BCH-002-life.png,BCH-002,Beach Ball Inflatable,Beach Essentials,Kids,Standalone,(multiple - see notes),life,BCH-002,
BCH-002.png,public/images/products/beach-essentials/BCH-002-studio.png,BCH-002,Beach Ball Inflatable,Beach Essentials,Kids,Standalone,(multiple - see notes),studio,BCH-002,
BCH-003-life.png,public/images/products/beach-essentials/BCH-003-life.png,BCH-003,Beach Towel Tropical Print,Beach Essentials,Towels,Parent+Variants,(multiple - see notes),life,BCH-003-SUNSET;BCH-003-REEF;BCH-003-PALM,
BCH-003-palm-print.png,public/images/products/beach-essentials/BCH-003-palm-print-studio.png,BCH-003,Beach Towel Tropical Print,Beach Essentials,Towels,Parent+Variants,palm-print,studio,BCH-003-PALM,
BCH-003-reef-print.png,public/images/products/beach-essentials/BCH-003-reef-print-studio.png,BCH-003,Beach Towel Tropical Print,Beach Essentials,Towels,Parent+Variants,reef-print,studio,BCH-003-REEF,
BCH-003-sunset-print.png,public/images/products/beach-essentials/BCH-003-sunset-print-studio.png,BCH-003,Beach Towel Tropical Print,Beach Essentials,Towels,Parent+Variants,sunset-print,studio,BCH-003-SUNSET,
BCH-004-black.png,public/images/products/beach-essentials/BCH-004-black-studio.png,BCH-004,Microfiber Quick-Dry Towel,Beach Essentials,Towels,Parent+Variants,black,studio,BCH-004-M-BLK;BCH-004-L-BLK,
BCH-004-blue.png,public/images/products/beach-essentials/BCH-004-blue-studio.png,BCH-004,Microfiber Quick-Dry Towel,Beach Essentials,Towels,Parent+Variants,blue,studio,BCH-004-M-BLU;BCH-004-L-BLU,
BCH-004-coral.png,public/images/products/beach-essentials/BCH-004-coral-studio.png,BCH-004,Microfiber Quick-Dry Towel,Beach Essentials,Towels,Parent+Variants,coral,studio,BCH-004-M-CRL;BCH-004-L-CRL,
BCH-004-life.png,public/images/products/beach-essentials/BCH-004-life.png,BCH-004,Microfiber Quick-Dry Towel,Beach Essentials,Towels,Parent+Variants,(multiple - see notes),life,BCH-004-M-BLU;BCH-004-L-BLU;BCH-004-M-CRL;BCH-004-L-CRL;BCH-004-M-BLK;BCH-004-L-BLK,
BCH-005-life.png,public/images/products/beach-essentials/BCH-005-life.png,BCH-005,Beach Umbrella 7ft,Beach Essentials,Shade,Standalone,(multiple - see notes),life,BCH-005,
BCH-005.png,public/images/products/beach-essentials/BCH-005-studio.png,BCH-005,Beach Umbrella 7ft,Beach Essentials,Shade,Standalone,(multiple - see notes),studio,BCH-005,
BCH-006-life.png,public/images/products/beach-essentials/BCH-006-life.png,BCH-006,Pop-Up Beach Tent,Beach Essentials,Shade,Standalone,(multiple - see notes),life,BCH-006,
BCH-006.png,public/images/products/beach-essentials/BCH-006-studio.png,BCH-006,Pop-Up Beach Tent,Beach Essentials,Shade,Standalone,(multiple - see notes),studio,BCH-006,
BCH-007-life.png,public/images/products/beach-essentials/BCH-007-life.png,BCH-007,Reef-Safe Sunscreen SPF50,Beach Essentials,Sun Care,Standalone,(multiple - see notes),life,BCH-007,
BCH-007.png,public/images/products/beach-essentials/BCH-007-studio.png,BCH-007,Reef-Safe Sunscreen SPF50,Beach Essentials,Sun Care,Standalone,(multiple - see notes),studio,BCH-007,
BCH-008-life.png,public/images/products/beach-essentials/BCH-008-life.png,BCH-008,After-Sun Aloe Gel,Beach Essentials,Sun Care,Standalone,(multiple - see notes),life,BCH-008,
BCH-008.png,public/images/products/beach-essentials/BCH-008-studio.png,BCH-008,After-Sun Aloe Gel,Beach Essentials,Sun Care,Standalone,(multiple - see notes),studio,BCH-008,
BCH-009-aviator-black-life.png,public/images/products/beach-essentials/BCH-009-aviator-black-life.png,BCH-009,Polarized Sunglasses,Beach Essentials,Eyewear,Parent+Variants,aviator-black,life,BCH-009-AVI-BLK,
BCH-009-aviator-black-m.png,public/images/products/beach-essentials/BCH-009-aviator-black-model-men.png,BCH-009,Polarized Sunglasses,Beach Essentials,Eyewear,Parent+Variants,aviator-black,model-men,BCH-009-AVI-BLK,
BCH-009-aviator-gold-life.png,public/images/products/beach-essentials/BCH-009-aviator-gold-life.png,BCH-009,Polarized Sunglasses,Beach Essentials,Eyewear,Parent+Variants,aviator-gold,life,BCH-009-AVI-GLD,
BCH-009-aviator-gold-u.png,public/images/products/beach-essentials/BCH-009-aviator-gold-model-unisex.png,BCH-009,Polarized Sunglasses,Beach Essentials,Eyewear,Parent+Variants,aviator-gold,model-unisex,BCH-009-AVI-GLD,
BCH-009-cat-eye-tortoise-life.png,public/images/products/beach-essentials/BCH-009-cat-eye-tortoise-life.png,BCH-009,Polarized Sunglasses,Beach Essentials,Eyewear,Parent+Variants,cat-eye-tortoise,life,BCH-009-CAT-TOR,
BCH-009-cat-eye-tortoise-w.png,public/images/products/beach-essentials/BCH-009-cat-eye-tortoise-model-women.png,BCH-009,Polarized Sunglasses,Beach Essentials,Eyewear,Parent+Variants,cat-eye-tortoise,model-women,BCH-009-CAT-TOR,
BCH-009-sport-black-life.png,public/images/products/beach-essentials/BCH-009-sport-black-life.png,BCH-009,Polarized Sunglasses,Beach Essentials,Eyewear,Parent+Variants,sport-black,life,BCH-009-SPT-BLK,
BCH-009-sport-black-m.png,public/images/products/beach-essentials/BCH-009-sport-black-model-men.png,BCH-009,Polarized Sunglasses,Beach Essentials,Eyewear,Parent+Variants,sport-black,model-men,BCH-009-SPT-BLK,
BCH-009-wayfarer-black-life.png,public/images/products/beach-essentials/BCH-009-wayfarer-black-life.png,BCH-009,Polarized Sunglasses,Beach Essentials,Eyewear,Parent+Variants,wayfarer-black,life,BCH-009-WAY-BLK,
BCH-009-wayfarer-black-u.png,public/images/products/beach-essentials/BCH-009-wayfarer-black-model-unisex.png,BCH-009,Polarized Sunglasses,Beach Essentials,Eyewear,Parent+Variants,wayfarer-black,model-unisex,BCH-009-WAY-BLK,
BCH-009-wayfarer-tortoise-life.png,public/images/products/beach-essentials/BCH-009-wayfarer-tortoise-life.png,BCH-009,Polarized Sunglasses,Beach Essentials,Eyewear,Parent+Variants,wayfarer-tortoise,life,BCH-009-WAY-TOR,
BCH-009-wayfarer-tortoise-u.png,public/images/products/beach-essentials/BCH-009-wayfarer-tortoise-model-unisex.png,BCH-009,Polarized Sunglasses,Beach Essentials,Eyewear,Parent+Variants,wayfarer-tortoise,model-unisex,BCH-009-WAY-TOR,
BCH-010-life.png,public/images/products/beach-essentials/BCH-010-life.png,BCH-010,Waterproof Phone Pouch,Beach Essentials,Accessories,Standalone,(multiple - see notes),life,BCH-010,
BCH-010.png,public/images/products/beach-essentials/BCH-010-studio.png,BCH-010,Waterproof Phone Pouch,Beach Essentials,Accessories,Standalone,(multiple - see notes),studio,BCH-010,
BCH-011-aqua-life.png,public/images/products/beach-essentials/BCH-011-aqua-life.png,BCH-011,Reef Walker Water Shoes,Beach Essentials,Footwear,Parent+Variants,aqua,life,BCH-011-K2-4,
BCH-011-aqua-u.png,public/images/products/beach-essentials/BCH-011-aqua-model-unisex.png,BCH-011,Reef Walker Water Shoes,Beach Essentials,Footwear,Parent+Variants,aqua,model-unisex,BCH-011-K2-4,
BCH-011-black-life.png,public/images/products/beach-essentials/BCH-011-black-life.png,BCH-011,Reef Walker Water Shoes,Beach Essentials,Footwear,Parent+Variants,black,life,BCH-011-W6-7;BCH-011-W8-9;BCH-011-M9-10;BCH-011-M11-12,
BCH-011-black-m.png,public/images/products/beach-essentials/BCH-011-black-model-men.png,BCH-011,Reef Walker Water Shoes,Beach Essentials,Footwear,Parent+Variants,black,model-men,BCH-011-M9-10;BCH-011-M11-12,
BCH-011-black-w.png,public/images/products/beach-essentials/BCH-011-black-model-women.png,BCH-011,Reef Walker Water Shoes,Beach Essentials,Footwear,Parent+Variants,black,model-women,BCH-011-W6-7;BCH-011-W8-9,
BCH-012-life.png,public/images/products/beach-essentials/BCH-012-blue-life.png,BCH-012,Cooler Bag Insulated 24L,Beach Essentials,Coolers,Parent+Variants,blue,life,BCH-012-16L;BCH-012-24L;BCH-012-40L,
BCH-012.png,public/images/products/beach-essentials/BCH-012-blue-studio.png,BCH-012,Cooler Bag Insulated 24L,Beach Essentials,Coolers,Parent+Variants,blue,studio,BCH-012-16L;BCH-012-24L;BCH-012-40L,
FIN-001-life.png,public/images/products/snorkel-dive/FIN-001-black-life.png,FIN-001,Open-Heel Dive Fins,Snorkel & Dive,Fins,Parent+Variants,black,life,FIN-001-S;FIN-001-M;FIN-001-L;FIN-001-XL,
FIN-001.png,public/images/products/snorkel-dive/FIN-001-black-studio.png,FIN-001,Open-Heel Dive Fins,Snorkel & Dive,Fins,Parent+Variants,black,studio,FIN-001-S;FIN-001-M;FIN-001-L;FIN-001-XL,
FIN-002-life.png,public/images/products/snorkel-dive/FIN-002-black-life.png,FIN-002,Travel Snorkel Fins,Snorkel & Dive,Fins,Parent+Variants,black,life,FIN-002-S;FIN-002-M;FIN-002-L;FIN-002-XL,
FIN-002.png,public/images/products/snorkel-dive/FIN-002-black-studio.png,FIN-002,Travel Snorkel Fins,Snorkel & Dive,Fins,Parent+Variants,black,studio,FIN-002-S;FIN-002-M;FIN-002-L;FIN-002-XL,
FIN-003-life.png,public/images/products/snorkel-dive/FIN-003-aqua-life.png,FIN-003,Kids Swim Fins,Snorkel & Dive,Fins,Parent+Variants,aqua,life,FIN-003-S;FIN-003-M,
FIN-003.png,public/images/products/snorkel-dive/FIN-003-aqua-studio.png,FIN-003,Kids Swim Fins,Snorkel & Dive,Fins,Parent+Variants,aqua,studio,FIN-003-S;FIN-003-M,
FSH-001-life.png,public/images/products/fishing/FSH-001-life.png,FSH-001,Saltwater Spinning Rod 7ft,Fishing,Rods,Standalone,(multiple - see notes),life,FSH-001,
FSH-001.png,public/images/products/fishing/FSH-001-studio.png,FSH-001,Saltwater Spinning Rod 7ft,Fishing,Rods,Standalone,(multiple - see notes),studio,FSH-001,
FSH-002-life.png,public/images/products/fishing/FSH-002-life.png,FSH-002,Telescopic Travel Rod,Fishing,Rods,Standalone,(multiple - see notes),life,FSH-002,
FSH-002.png,public/images/products/fishing/FSH-002-studio.png,FSH-002,Telescopic Travel Rod,Fishing,Rods,Standalone,(multiple - see notes),studio,FSH-002,
FSH-003-life.png,public/images/products/fishing/FSH-003-life.png,FSH-003,Spinning Reel 4000,Fishing,Reels,Standalone,(multiple - see notes),life,FSH-003,
FSH-003.png,public/images/products/fishing/FSH-003-studio.png,FSH-003,Spinning Reel 4000,Fishing,Reels,Standalone,(multiple - see notes),studio,FSH-003,
FSH-004-life.png,public/images/products/fishing/FSH-004-life.png,FSH-004,Tackle Box Deluxe,Fishing,Tackle,Standalone,(multiple - see notes),life,FSH-004,
FSH-004.png,public/images/products/fishing/FSH-004-studio.png,FSH-004,Tackle Box Deluxe,Fishing,Tackle,Standalone,(multiple - see notes),studio,FSH-004,
FSH-005-life.png,public/images/products/fishing/FSH-005-life.png,FSH-005,Live Bait — Shrimp (lb),Fishing,Bait,Standalone,(multiple - see notes),life,FSH-005,
FSH-005.png,public/images/products/fishing/FSH-005-studio.png,FSH-005,Live Bait — Shrimp (lb),Fishing,Bait,Standalone,(multiple - see notes),studio,FSH-005,
FSH-006-life.png,public/images/products/fishing/FSH-006-life.png,FSH-006,Live Bait — Squid (lb),Fishing,Bait,Standalone,(multiple - see notes),life,FSH-006,
FSH-006.png,public/images/products/fishing/FSH-006-studio.png,FSH-006,Live Bait — Squid (lb),Fishing,Bait,Standalone,(multiple - see notes),studio,FSH-006,
FSH-007-life.png,public/images/products/fishing/FSH-007-life.png,FSH-007,Lure Pack Tropical (12pc),Fishing,Tackle,Standalone,(multiple - see notes),life,FSH-007,
FSH-007.png,public/images/products/fishing/FSH-007-studio.png,FSH-007,Lure Pack Tropical (12pc),Fishing,Tackle,Standalone,(multiple - see notes),studio,FSH-007,
FSH-008-life.png,public/images/products/fishing/FSH-008-life.png,FSH-008,Cast Net 8ft,Fishing,Nets,Standalone,(multiple - see notes),life,FSH-008,
FSH-008.png,public/images/products/fishing/FSH-008-studio.png,FSH-008,Cast Net 8ft,Fishing,Nets,Standalone,(multiple - see notes),studio,FSH-008,
KIT-001-blue-life.png,public/images/products/surfing/KIT-001-blue-life.png,KIT-001,Beginner Kitesurf Kit,Surfing,Kitesurf,Parent+Variants,blue,life,KIT-001-9M,
KIT-001-blue.png,public/images/products/surfing/KIT-001-blue-studio.png,KIT-001,Beginner Kitesurf Kit,Surfing,Kitesurf,Parent+Variants,blue,studio,KIT-001-9M,
KIT-001-red-life.png,public/images/products/surfing/KIT-001-red-life.png,KIT-001,Beginner Kitesurf Kit,Surfing,Kitesurf,Parent+Variants,red,life,KIT-001-7M,
KIT-001-red.png,public/images/products/surfing/KIT-001-red-studio.png,KIT-001,Beginner Kitesurf Kit,Surfing,Kitesurf,Parent+Variants,red,studio,KIT-001-7M,
KIT-001-yellow-life.png,public/images/products/surfing/KIT-001-yellow-life.png,KIT-001,Beginner Kitesurf Kit,Surfing,Kitesurf,Parent+Variants,yellow,life,KIT-001-12M,
KIT-001-yellow.png,public/images/products/surfing/KIT-001-yellow-studio.png,KIT-001,Beginner Kitesurf Kit,Surfing,Kitesurf,Parent+Variants,yellow,studio,KIT-001-12M,
KIT-002-life.png,public/images/products/surfing/KIT-002-black-life.png,KIT-002,Kitesurf Harness,Surfing,Kitesurf,Parent+Variants,black,life,KIT-002-S;KIT-002-M;KIT-002-L;KIT-002-XL,
KIT-002.png,public/images/products/surfing/KIT-002-black-studio.png,KIT-002,Kitesurf Harness,Surfing,Kitesurf,Parent+Variants,black,studio,KIT-002-S;KIT-002-M;KIT-002-L;KIT-002-XL,
SNK-001-black-life.png,public/images/products/snorkel-dive/SNK-001-black-life.png,SNK-001,Reef Explorer Snorkel Mask,Snorkel & Dive,Masks,Parent+Variants,black,life,SNK-001-S-BLK;SNK-001-M-BLK;SNK-001-L-BLK,
SNK-001-black.png,public/images/products/snorkel-dive/SNK-001-black-studio.png,SNK-001,Reef Explorer Snorkel Mask,Snorkel & Dive,Masks,Parent+Variants,black,studio,SNK-001-S-BLK;SNK-001-M-BLK;SNK-001-L-BLK,
SNK-001-clear-life.png,public/images/products/snorkel-dive/SNK-001-clear-life.png,SNK-001,Reef Explorer Snorkel Mask,Snorkel & Dive,Masks,Parent+Variants,clear,life,SNK-001-S-CLR;SNK-001-M-CLR;SNK-001-L-CLR,
SNK-001-clear.png,public/images/products/snorkel-dive/SNK-001-clear-studio.png,SNK-001,Reef Explorer Snorkel Mask,Snorkel & Dive,Masks,Parent+Variants,clear,studio,SNK-001-S-CLR;SNK-001-M-CLR;SNK-001-L-CLR,
SNK-002-black-life.png,public/images/products/snorkel-dive/SNK-002-black-life.png,SNK-002,Pro Anti-Fog Snorkel Mask,Snorkel & Dive,Masks,Parent+Variants,black,life,SNK-002-S-BLK;SNK-002-M-BLK;SNK-002-L-BLK,
SNK-002-black.png,public/images/products/snorkel-dive/SNK-002-black-studio.png,SNK-002,Pro Anti-Fog Snorkel Mask,Snorkel & Dive,Masks,Parent+Variants,black,studio,SNK-002-S-BLK;SNK-002-M-BLK;SNK-002-L-BLK,
SNK-002-clear-life.png,public/images/products/snorkel-dive/SNK-002-clear-life.png,SNK-002,Pro Anti-Fog Snorkel Mask,Snorkel & Dive,Masks,Parent+Variants,clear,life,SNK-002-S-CLR;SNK-002-M-CLR;SNK-002-L-CLR,
SNK-002-clear.png,public/images/products/snorkel-dive/SNK-002-clear-studio.png,SNK-002,Pro Anti-Fog Snorkel Mask,Snorkel & Dive,Masks,Parent+Variants,clear,studio,SNK-002-S-CLR;SNK-002-M-CLR;SNK-002-L-CLR,
SNK-003-aqua-life.png,public/images/products/snorkel-dive/SNK-003-aqua-life.png,SNK-003,Junior Snorkel Set (Kids),Snorkel & Dive,Sets,Parent+Variants,aqua,life,SNK-003-K4-7-AQUA;SNK-003-K8-12-AQUA,
SNK-003-aqua.png,public/images/products/snorkel-dive/SNK-003-aqua-studio.png,SNK-003,Junior Snorkel Set (Kids),Snorkel & Dive,Sets,Parent+Variants,aqua,studio,SNK-003-K4-7-AQUA;SNK-003-K8-12-AQUA,
SNK-003-pink-life.png,public/images/products/snorkel-dive/SNK-003-pink-life.png,SNK-003,Junior Snorkel Set (Kids),Snorkel & Dive,Sets,Parent+Variants,pink,life,SNK-003-K4-7-PINK;SNK-003-K8-12-PINK,
SNK-003-pink.png,public/images/products/snorkel-dive/SNK-003-pink-studio.png,SNK-003,Junior Snorkel Set (Kids),Snorkel & Dive,Sets,Parent+Variants,pink,studio,SNK-003-K4-7-PINK;SNK-003-K8-12-PINK,
SNK-004-life.png,public/images/products/snorkel-dive/SNK-004-black-life.png,SNK-004,Adult Snorkel Set,Snorkel & Dive,Sets,Parent+Variants,black,life,SNK-004-S;SNK-004-M;SNK-004-L,
SNK-004.png,public/images/products/snorkel-dive/SNK-004-black-studio.png,SNK-004,Adult Snorkel Set,Snorkel & Dive,Sets,Parent+Variants,black,studio,SNK-004-S;SNK-004-M;SNK-004-L,
SNK-005-life.png,public/images/products/snorkel-dive/SNK-005-life.png,SNK-005,Dry-Top Snorkel,Snorkel & Dive,Snorkels,Standalone,(multiple - see notes),life,SNK-005,
SNK-005.png,public/images/products/snorkel-dive/SNK-005-studio.png,SNK-005,Dry-Top Snorkel,Snorkel & Dive,Snorkels,Standalone,(multiple - see notes),studio,SNK-005,
SUR-001-life.png,public/images/products/surfing/SUR-001-life.png,SUR-001,7'2 Funboard Surfboard,Surfing,Surfboards,Standalone,(multiple - see notes),life,SUR-001,
SUR-001.png,public/images/products/surfing/SUR-001-studio.png,SUR-001,7'2 Funboard Surfboard,Surfing,Surfboards,Standalone,(multiple - see notes),studio,SUR-001,
SUR-002-life-kids.png,public/images/products/surfing/SUR-002-life-kids.png,SUR-002,9'0 Longboard Surfboard,Surfing,Surfboards,Standalone,(multiple - see notes),life-kids,SUR-002,
SUR-002-life.png,public/images/products/surfing/SUR-002-life.png,SUR-002,9'0 Longboard Surfboard,Surfing,Surfboards,Standalone,(multiple - see notes),life,SUR-002,
SUR-002.png,public/images/products/surfing/SUR-002-studio.png,SUR-002,9'0 Longboard Surfboard,Surfing,Surfboards,Standalone,(multiple - see notes),studio,SUR-002,
SUR-003-life.png,public/images/products/surfing/SUR-003-blue-life.png,SUR-003,Beginner Foam Surfboard,Surfing,Surfboards,Parent+Variants,blue,life,SUR-003-7FT;SUR-003-8FT;SUR-003-9FT,
SUR-003.png,public/images/products/surfing/SUR-003-blue-studio.png,SUR-003,Beginner Foam Surfboard,Surfing,Surfboards,Parent+Variants,blue,studio,SUR-003-7FT;SUR-003-8FT;SUR-003-9FT,
SUR-004-life.png,public/images/products/surfing/SUR-004-black-life.png,SUR-004,Surf Leash 8ft,Surfing,Accessories,Parent+Variants,black,life,SUR-004-6FT;SUR-004-7FT;SUR-004-8FT;SUR-004-9FT,
SUR-004.png,public/images/products/surfing/SUR-004-black-studio.png,SUR-004,Surf Leash 8ft,Surfing,Accessories,Parent+Variants,black,studio,SUR-004-6FT;SUR-004-7FT;SUR-004-8FT;SUR-004-9FT,
SUR-005-life.png,public/images/products/surfing/SUR-005-life.png,SUR-005,Surf Wax Tropical,Surfing,Accessories,Standalone,(multiple - see notes),life,SUR-005,
SUR-005.png,public/images/products/surfing/SUR-005-studio.png,SUR-005,Surf Wax Tropical,Surfing,Accessories,Standalone,(multiple - see notes),studio,SUR-005,
SUR-006-life.png,public/images/products/surfing/SUR-006-tropical-life.png,SUR-006,Skim Board Pro,Surfing,Skimboards,Parent+Variants,tropical,life,SUR-006-YTH;SUR-006-ADL,
SUR-006.png,public/images/products/surfing/SUR-006-tropical-studio.png,SUR-006,Skim Board Pro,Surfing,Skimboards,Parent+Variants,tropical,studio,SUR-006-YTH;SUR-006-ADL,
WET-001-life.png,public/images/products/snorkel-dive/WET-001-black-life.png,WET-001,3mm Shorty Wetsuit,Snorkel & Dive,Wetsuits,Parent+Variants,black,life,WET-001-S-M;WET-001-S-W;WET-001-M-M;WET-001-M-W;WET-001-L-M;WET-001-L-W;WET-001-XL-M;WET-001-XL-W,
WET-001-m.png,public/images/products/snorkel-dive/WET-001-black-model-men.png,WET-001,3mm Shorty Wetsuit,Snorkel & Dive,Wetsuits,Parent+Variants,black,model-men,WET-001-S-M;WET-001-M-M;WET-001-L-M;WET-001-XL-M,
WET-001-w.png,public/images/products/snorkel-dive/WET-001-black-model-women.png,WET-001,3mm Shorty Wetsuit,Snorkel & Dive,Wetsuits,Parent+Variants,black,model-women,WET-001-S-W;WET-001-M-W;WET-001-L-W;WET-001-XL-W,
WET-002-coral-life.png,public/images/products/apparel/WET-002-coral-life.png,WET-002,Rashguard Long Sleeve,Apparel,Rashguards,Parent+Variants,coral,life,WET-002-S-W;WET-002-M-W;WET-002-L-W;WET-002-XL-W,
WET-002-coral-w.png,public/images/products/apparel/WET-002-coral-model-women.png,WET-002,Rashguard Long Sleeve,Apparel,Rashguards,Parent+Variants,coral,model-women,WET-002-S-W;WET-002-M-W;WET-002-L-W;WET-002-XL-W,
WET-002-navy-life.png,public/images/products/apparel/WET-002-navy-life.png,WET-002,Rashguard Long Sleeve,Apparel,Rashguards,Parent+Variants,navy,life,WET-002-S-M;WET-002-M-M;WET-002-L-M;WET-002-XL-M,
WET-002-navy-m.png,public/images/products/apparel/WET-002-navy-model-men.png,WET-002,Rashguard Long Sleeve,Apparel,Rashguards,Parent+Variants,navy,model-men,WET-002-S-M;WET-002-M-M;WET-002-L-M;WET-002-XL-M,
